{"name":"fa0c1aec-321e-4c38-8bdb-fb7243ef9070","id":"/providers/Microsoft.Flow/flows/fa0c1aec-321e-4c38-8bdb-fb7243ef9070","type":"Microsoft.Flow/flows","properties":{"apiId":"/providers/Microsoft.PowerApps/apis/shared_logicflows","displayName":"When a new chat message is added -> Get user profile,Send an email","definition":{"metadata":{"workflowEntityId":null,"processAdvisorMetadata":null,"flowChargedByPaygo":null,"flowclientsuspensionreason":"None","flowclientsuspensiontime":null,"flowclientsuspensionreasondetails":null,"creator":{"id":"cee28b60-4231-4292-866c-922520750edb","type":"User","tenantId":"de9231de-45f4-4325-ae07-8ae72052517e"},"provisioningMethod":"FromDefinition","failureAlertSubscription":true,"clientLastModifiedTime":"2024-04-08T09:31:16.9957997Z","connectionKeySavedTimeKey":"2024-04-08T09:31:16.9957997Z"},"$schema":"https://schema.management.azure.com/providers/Microsoft.Logic/schemas/2016-06-01/workflowdefinition.json#","contentVersion":"1.0.0.0","parameters":{"$authentication":{"defaultValue":{},"type":"SecureObject"},"$connections":{"defaultValue":{},"type":"Object"}},"triggers":{"When_a_new_chat_message_is_added":{"type":"OpenApiConnectionWebhook","inputs":{"host":{"apiId":"/providers/Microsoft.PowerApps/apis/shared_teams","connectionName":"shared_teams","operationId":"WebhookChatMessageTrigger"},"authentication":"@parameters('$authentication')"}}},"actions":{"Get_user_profile":{"runAfter":{},"type":"OpenApiConnection","inputs":{"parameters":{"id":"@triggerOutputs()?['body/from']"},"host":{"apiId":"/providers/Microsoft.PowerApps/apis/shared_office365users","connectionName":"shared_office365users","operationId":"UserProfile_V2"},"authentication":"@parameters('$authentication')"}},"Send_an_email":{"runAfter":{"Get_user_profile":["Succeeded"]},"type":"OpenApiConnection","inputs":{"parameters":{"emailMessage/To":"dhanushkkarh@gmail.com","emailMessage/Subject":"New Group Chat Message","emailMessage/Body":"A new group chat message is added by @{outputs('Get_user_profile')?['body/displayName']}","emailMessage/Importance":"Normal"},"host":{"apiId":"/providers/Microsoft.PowerApps/apis/shared_office365","connectionName":"shared_office365","operationId":"SendEmailV2"},"authentication":"@parameters('$authentication')"}}},"outputs":{}},"connectionReferences":{"shared_teams":{"connectionName":"shared-teams-b40f9875-6045-452b-9ffc-252a9669a04b","source":"Embedded","id":"/providers/Microsoft.PowerApps/apis/shared_teams","tier":"NotSpecified"},"shared_office365users":{"connectionName":"shared-office365user-f558a666-3238-4272-a397-f5c88a6d60ea","source":"Embedded","id":"/providers/Microsoft.PowerApps/apis/shared_office365users","tier":"NotSpecified"},"shared_office365":{"connectionName":"shared-office365-4e542603-6bac-43cd-82df-3a55009ce711","source":"Embedded","id":"/providers/Microsoft.PowerApps/apis/shared_office365","tier":"NotSpecified"}},"flowFailureAlertSubscribed":false,"isManaged":false}}