{"name":"cebb7eca-c3d5-44cd-9cab-3b520e6b72d2","id":"/providers/Microsoft.Flow/flows/cebb7eca-c3d5-44cd-9cab-3b520e6b72d2","type":"Microsoft.Flow/flows","properties":{"apiId":"/providers/Microsoft.PowerApps/apis/shared_logicflows","displayName":"Alert me when I am mentioned in Microsoft Teams","definition":{"metadata":{"workflowEntityId":null,"processAdvisorMetadata":null,"flowChargedByPaygo":null,"flowclientsuspensionreason":"None","flowclientsuspensiontime":null,"flowclientsuspensionreasondetails":null,"creator":{"id":"cee28b60-4231-4292-866c-922520750edb","type":"User","tenantId":"de9231de-45f4-4325-ae07-8ae72052517e"},"provisioningMethod":"FromDefinition","failureAlertSubscription":true,"clientLastModifiedTime":"2024-04-08T08:54:11.6324991Z","connectionKeySavedTimeKey":"2024-04-08T08:54:11.6324991Z"},"$schema":"https://schema.management.azure.com/providers/Microsoft.Logic/schemas/2016-06-01/workflowdefinition.json#","contentVersion":"1.0.0.0","parameters":{"$connections":{"defaultValue":{},"type":"Object"},"$authentication":{"defaultValue":{},"type":"SecureObject"}},"triggers":{"When_I'm_@mentioned":{"metadata":{"operationMetadataId":"e81c4b7b-99c1-4d1c-91b3-c8c7749fb16d"},"type":"OpenApiConnectionWebhook","inputs":{"host":{"apiId":"/providers/Microsoft.PowerApps/apis/shared_teams","connectionName":"shared_teams","operationId":"WebhookAtMentionTrigger"},"parameters":{"threadType":"groupchat","requestBody/chats":["19:a581da7812164486936458fab97b902b@thread.v2","19:5b80ec3452f54ddf8cc796468ad7d389@thread.v2","19:f3f05924750d48fc804e2d581b9e1dad@thread.v2"]},"authentication":"@parameters('$authentication')"}}},"actions":{"Get_my_profile":{"runAfter":{},"metadata":{"operationMetadataId":"ad518bc8-d6b0-4db4-883e-b48873ac022a"},"type":"OpenApiConnection","inputs":{"host":{"apiId":"/providers/Microsoft.PowerApps/apis/shared_office365users","connectionName":"shared_office365users","operationId":"MyProfile_V2"},"parameters":{},"authentication":"@parameters('$authentication')"}},"Send_an_email":{"runAfter":{"Get_my_profile":["Succeeded"]},"metadata":{"operationMetadataId":"b117cc4f-185a-4206-b346-f82dfaf49d35"},"type":"OpenApiConnection","inputs":{"host":{"apiId":"/providers/Microsoft.PowerApps/apis/shared_office365","connectionName":"shared_office365","operationId":"SendEmailV2"},"parameters":{"emailMessage/To":"@outputs('Get_my_profile')?['body/mail']","emailMessage/Subject":"@triggerOutputs()?['body/chats']","emailMessage/Body":"@triggerOutputs()?['body/chats']","emailMessage/Importance":"Normal"},"authentication":"@parameters('$authentication')"}}}},"connectionReferences":{"shared_office365users":{"connectionName":"shared-office365user-f558a666-3238-4272-a397-f5c88a6d60ea","source":"Embedded","id":"/providers/Microsoft.PowerApps/apis/shared_office365users","tier":"NotSpecified"},"shared_office365":{"connectionName":"shared-office365-4e542603-6bac-43cd-82df-3a55009ce711","source":"Embedded","id":"/providers/Microsoft.PowerApps/apis/shared_office365","tier":"NotSpecified"},"shared_teams":{"connectionName":"shared-teams-b40f9875-6045-452b-9ffc-252a9669a04b","source":"Embedded","id":"/providers/Microsoft.PowerApps/apis/shared_teams","tier":"NotSpecified"}},"flowFailureAlertSubscribed":false,"isManaged":false}}